pod_chips,p_down,job_cubes,job_chips,static,static_ci95,reconfig,reconfig_ci95,reconfig_analytic
4096,0.00782,1,64,1.0,2.7718585822512662e-08,1.0,2.7718585822512662e-08,0.9999999999999999
4096,0.00782,2,128,1.0,2.7718585822512662e-08,1.0,2.7718585822512662e-08,0.9999999999999999
4096,0.00782,3,192,1.0,2.7718585822512662e-08,1.0,2.7718585822512662e-08,0.9999999999999999
4096,0.00782,4,256,1.0,2.7718585822512662e-08,1.0,2.7718585822512662e-08,0.9999999999999999
4096,0.00782,5,320,1.0,2.7718585822512662e-08,1.0,2.7718585822512662e-08,0.9999999999999999
4096,0.00782,6,384,1.0,2.7718585822512662e-08,1.0,2.7718585822512662e-08,0.9999999999999999
4096,0.00782,7,448,1.0,2.7718585822512662e-08,1.0,2.7718585822512662e-08,0.9999999999999999
4096,0.00782,8,512,1.0,2.7718585822512662e-08,1.0,2.7718585822512662e-08,0.9999999999999999
4096,0.00782,9,576,0.9984,0.0011078560830721808,1.0,2.7718585822512662e-08,0.9999999999999999
4096,0.00782,10,640,0.9988,0.000959623686243719,1.0,2.7718585822512662e-08,0.9999999999999999
4096,0.00782,11,704,nan,nan,1.0,2.7718585822512662e-08,0.9999999999999999
4096,0.00782,12,768,0.9884,0.0029680173282513097,1.0,2.7718585822512662e-08,0.9999999999999999
4096,0.00782,13,832,nan,nan,1.0,2.7718585822512662e-08,0.9999999999999999
4096,0.00782,14,896,0.9342,0.0068723290808284185,1.0,2.7718585822512662e-08,0.9999999999999999
4096,0.00782,15,960,0.9258,0.007264932943613453,1.0,2.7718585822512662e-08,0.9999999999999999
4096,0.00782,16,1024,0.7928,0.01123434522752439,1.0,2.7718585822512662e-08,0.9999999999999999
4096,0.00782,17,1088,nan,nan,1.0,2.7718585822512662e-08,0.9999999999999999
4096,0.00782,18,1152,0.7738,0.011596628165945477,1.0,2.7718585822512662e-08,0.9999999999999999
4096,0.00782,19,1216,nan,nan,1.0,2.7718585822512662e-08,0.9999999999999999
4096,0.00782,20,1280,0.639,0.013312974471544668,1.0,2.7718585822512662e-08,0.9999999999999999
4096,0.00782,21,1344,0.574,0.013706665520103713,1.0,2.7718585822512662e-08,0.9999999999999999
4096,0.00782,22,1408,nan,nan,1.0,2.7718585822512662e-08,0.9999999999999999
4096,0.00782,23,1472,nan,nan,1.0,2.7718585822512662e-08,0.9999999999999999
4096,0.00782,24,1536,0.4262,0.01370749398027225,1.0,2.7718585822512662e-08,0.9999999999999999
4096,0.00782,25,1600,0.2674,0.012268323741929864,1.0,2.7718585822512662e-08,0.9999999999999999
4096,0.00782,26,1664,nan,nan,1.0,2.7718585822512662e-08,0.9999999999999999
4096,0.00782,27,1728,nan,nan,1.0,2.7718585822512662e-08,0.9999999999999999
4096,0.00782,28,1792,0.2598,0.012155286033129783,1.0,2.7718585822512662e-08,0.9999999999999999
4096,0.00782,29,1856,nan,nan,1.0,2.7718585822512662e-08,0.9999999999999999
4096,0.00782,30,1920,0.1976,0.011037227626392417,1.0,2.7718585822512662e-08,0.9999999999999998
4096,0.00782,31,1984,nan,nan,1.0,2.7718585822512662e-08,0.9999999999999988
4096,0.00782,32,2048,0.1384,0.009571763497955849,1.0,2.7718585822512662e-08,0.9999999999999901
4096,0.00782,33,2112,nan,nan,1.0,2.7718585822512662e-08,0.9999999999999236
4096,0.00782,34,2176,nan,nan,1.0,2.7718585822512662e-08,0.999999999999442
4096,0.00782,35,2240,0.1,0.008315575746753798,1.0,2.7718585822512662e-08,0.9999999999961611
4096,0.00782,36,2304,0.0594,0.006551892737583545,1.0,2.7718585822512662e-08,0.9999999999751497
4096,0.00782,37,2368,nan,nan,1.0,2.7718585822512662e-08,0.9999999998486877
4096,0.00782,38,2432,nan,nan,1.0,2.7718585822512662e-08,0.9999999991336579
4096,0.00782,39,2496,nan,nan,1.0,2.7718585822512662e-08,0.9999999953377804
4096,0.00782,40,2560,0.0444,0.0057095334909955655,1.0,2.7718585822512662e-08,0.9999999764305112
4096,0.00782,41,2624,nan,nan,1.0,2.7718585822512662e-08,0.9999998881394562
4096,0.00782,42,2688,0.034,0.005023415379997956,1.0,2.7718585822512662e-08,0.9999995019930726
4096,0.00782,43,2752,nan,nan,1.0,2.7718585822512662e-08,0.9999979220610629
4096,0.00782,44,2816,nan,nan,1.0,2.7718585822512662e-08,0.9999918825677608
4096,0.00782,45,2880,nan,nan,1.0,2.7718585822512662e-08,0.9999703460738397
4096,0.00782,46,2944,nan,nan,1.0,2.7718585822512662e-08,0.9998988305432115
4096,0.00782,47,3008,nan,nan,0.9996,0.0005542608310172803,0.9996781296884047
4096,0.00782,48,3072,0.0114,0.0029426173949054267,0.9992,0.0007836863372549106,0.9990466105114455
4096,0.00782,49,3136,0.0054,0.002031384697392397,0.9962,0.001705438787878363,0.9973755117871207
4096,0.00782,50,3200,nan,nan,0.993,0.002310972159070724,0.9932985758151438
4096,0.00782,51,3264,nan,nan,0.983,0.0035832102254821736,0.9841603260007574
4096,0.00782,52,3328,nan,nan,0.9626,0.00525932245795977,0.9654177721857734
4096,0.00782,53,3392,nan,nan,0.929,0.007118821453021559,0.9304090180425137
4096,0.00782,54,3456,nan,nan,0.8726,0.00924194516737683,0.8711860849099848
4096,0.00782,55,3520,nan,nan,0.783,0.011425673700924597,0.7810504091929849
4096,0.00782,56,3584,0.0038,0.001705438787878357,0.6652,0.013080968929983741,0.6586051682969714
4096,0.00782,57,3648,nan,nan,0.5226,0.013845128127857828,0.5115757384775886
4096,0.00782,58,3712,nan,nan,0.3676,0.013364562648915976,0.3573960069895724
4096,0.00782,59,3776,nan,nan,0.2222,0.011523305236398105,0.21836706683205998
4096,0.00782,60,3840,nan,nan,0.11,0.008672861580816333,0.11273097354180804
4096,0.00782,61,3904,nan,nan,0.0444,0.0057095334909955655,0.04695928886533469
4096,0.00782,62,3968,nan,nan,0.013,0.0031397952035124837,0.014735470347111587
4096,0.00782,63,4032,nan,nan,0.0036,0.0016601188429748032,0.0030857782025529956
4096,0.00782,64,4096,0.0002,0.00039196079803980395,0.0002,0.00039196079803980395,0.00032258166731976483
4096,0.0024000000000000002,1,64,1.0,2.7718585822512662e-08,1.0,2.7718585822512662e-08,1.0
4096,0.0024000000000000002,2,128,1.0,2.7718585822512662e-08,1.0,2.7718585822512662e-08,1.0
4096,0.0024000000000000002,3,192,1.0,2.7718585822512662e-08,1.0,2.7718585822512662e-08,1.0
4096,0.0024000000000000002,4,256,1.0,2.7718585822512662e-08,1.0,2.7718585822512662e-08,1.0
4096,0.0024000000000000002,5,320,1.0,2.7718585822512662e-08,1.0,2.7718585822512662e-08,1.0
4096,0.0024000000000000002,6,384,1.0,2.7718585822512662e-08,1.0,2.7718585822512662e-08,1.0
4096,0.0024000000000000002,7,448,1.0,2.7718585822512662e-08,1.0,2.7718585822512662e-08,1.0
4096,0.0024000000000000002,8,512,1.0,2.7718585822512662e-08,1.0,2.7718585822512662e-08,1.0
4096,0.0024000000000000002,9,576,1.0,2.7718585822512662e-08,1.0,2.7718585822512662e-08,1.0
4096,0.0024000000000000002,10,640,1.0,2.7718585822512662e-08,1.0,2.7718585822512662e-08,1.0
4096,0.0024000000000000002,11,704,nan,nan,1.0,2.7718585822512662e-08,1.0
4096,0.0024000000000000002,12,768,1.0,2.7718585822512662e-08,1.0,2.7718585822512662e-08,1.0
4096,0.0024000000000000002,13,832,nan,nan,1.0,2.7718585822512662e-08,1.0
4096,0.0024000000000000002,14,896,0.9998,0.0003919607980397824,1.0,2.7718585822512662e-08,1.0
4096,0.0024000000000000002,15,960,0.9998,0.0003919607980397824,1.0,2.7718585822512662e-08,1.0
4096,0.0024000000000000002,16,1024,0.9938,0.0021757871631205078,1.0,2.7718585822512662e-08,1.0
4096,0.0024000000000000002,17,1088,nan,nan,1.0,2.7718585822512662e-08,1.0
4096,0.0024000000000000002,18,1152,0.9922,0.002438473172130467,1.0,2.7718585822512662e-08,1.0
4096,0.0024000000000000002,19,1216,nan,nan,1.0,2.7718585822512662e-08,1.0
4096,0.0024000000000000002,20,1280,0.981,0.0037842722523624027,1.0,2.7718585822512662e-08,1.0
4096,0.0024000000000000002,21,1344,0.9722,0.004556918648736231,1.0,2.7718585822512662e-08,1.0
4096,0.0024000000000000002,22,1408,nan,nan,1.0,2.7718585822512662e-08,1.0
4096,0.0024000000000000002,23,1472,nan,nan,1.0,2.7718585822512662e-08,1.0
4096,0.0024000000000000002,24,1536,0.935,0.006833348227626042,1.0,2.7718585822512662e-08,1.0
4096,0.0024000000000000002,25,1600,0.8004,0.011079110084695431,1.0,2.7718585822512662e-08,1.0
4096,0.0024000000000000002,26,1664,nan,nan,1.0,2.7718585822512662e-08,1.0
4096,0.0024000000000000002,27,1728,nan,nan,1.0,2.7718585822512662e-08,1.0
4096,0.0024000000000000002,28,1792,0.8534,0.009804249926475762,1.0,2.7718585822512662e-08,1.0
4096,0.0024000000000000002,29,1856,nan,nan,1.0,2.7718585822512662e-08,1.0
4096,0.0024000000000000002,30,1920,0.7466,0.012056419958710794,1.0,2.7718585822512662e-08,1.0
4096,0.0024000000000000002,31,1984,nan,nan,1.0,2.7718585822512662e-08,1.0
4096,0.0024000000000000002,32,2048,0.7902,0.011286059194741094,1.0,2.7718585822512662e-08,1.0
4096,0.0024000000000000002,33,2112,nan,nan,1.0,2.7718585822512662e-08,1.0
4096,0.0024000000000000002,34,2176,nan,nan,1.0,2.7718585822512662e-08,1.0
4096,0.0024000000000000002,35,2240,0.6416,0.013291905572219508,1.0,2.7718585822512662e-08,1.0
4096,0.0024000000000000002,36,2304,0.489,0.013855938556445752,1.0,2.7718585822512662e-08,1.0
4096,0.0024000000000000002,37,2368,nan,nan,1.0,2.7718585822512662e-08,1.0
4096,0.0024000000000000002,38,2432,nan,nan,1.0,2.7718585822512662e-08,1.0
4096,0.0024000000000000002,39,2496,nan,nan,1.0,2.7718585822512662e-08,1.0
4096,0.0024000000000000002,40,2560,0.5456,0.013801535643717333,1.0,2.7718585822512662e-08,1.0
4096,0.0024000000000000002,41,2624,nan,nan,1.0,2.7718585822512662e-08,1.0
4096,0.0024000000000000002,42,2688,0.433,0.013734300547170212,1.0,2.7718585822512662e-08,0.9999999999999999
4096,0.0024000000000000002,43,2752,nan,nan,1.0,2.7718585822512662e-08,0.9999999999999991
4096,0.0024000000000000002,44,2816,nan,nan,1.0,2.7718585822512662e-08,0.9999999999999891
4096,0.0024000000000000002,45,2880,nan,nan,1.0,2.7718585822512662e-08,0.9999999999998664
4096,0.0024000000000000002,46,2944,nan,nan,1.0,2.7718585822512662e-08,0.9999999999984757
4096,0.0024000000000000002,47,3008,nan,nan,1.0,2.7718585822512662e-08,0.9999999999838199
4096,0.0024000000000000002,48,3072,0.359,0.013296805258406997,1.0,2.7718585822512662e-08,0.9999999998406164
4096,0.0024000000000000002,49,3136,0.2314,0.01168968844806396,1.0,2.7718585822512662e-08,0.9999999985466186
4096,0.0024000000000000002,50,3200,nan,nan,1.0,2.7718585822512662e-08,0.999999987766357
4096,0.0024000000000000002,51,3264,nan,nan,1.0,2.7718585822512662e-08,0.9999999052533463
4096,0.0024000000000000002,52,3328,nan,nan,1.0,2.7718585822512662e-08,0.9999993273540436
4096,0.0024000000000000002,53,3392,nan,nan,1.0,2.7718585822512662e-08,0.9999956412799872
4096,0.0024000000000000002,54,3456,nan,nan,1.0,2.7718585822512662e-08,0.999974348061519
4096,0.0024000000000000002,55,3520,nan,nan,1.0,2.7718585822512662e-08,0.9998636825966926
4096,0.0024000000000000002,56,3584,0.2134,0.011356519416652269,0.9998,0.0003919607980397824,0.9993503234549214
4096,0.0024000000000000002,57,3648,nan,nan,0.9978,0.0012986860017725548,0.9972453449766627
4096,0.0024000000000000002,58,3712,nan,nan,0.9902,0.0027305212958700807,0.9897077175279664
4096,0.0024000000000000002,59,3776,nan,nan,0.9664,0.004994812254009151,0.9664976399494817
4096,0.0024000000000000002,60,3840,nan,nan,0.9032,0.008195976647306896,0.906276675294824
4096,0.0024000000000000002,61,3904,nan,nan,0.7872,0.011344867387995332,0.7782388352368768
4096,0.0024000000000000002,62,3968,nan,nan,0.5618,0.013753021541581326,0.56402852376028
4096,0.0024000000000000002,63,4032,nan,nan,0.3,0.012702251768879406,0.29957959315411925
4096,0.0024000000000000002,64,4096,0.0836,0.007672144045363068,0.0836,0.007672144045363068,0.08538764616836103
1024,0.00782,1,64,1.0,2.7718585822512662e-08,1.0,2.7718585822512662e-08,0.9999999999999986
1024,0.00782,2,128,1.0,2.7718585822512662e-08,1.0,2.7718585822512662e-08,0.9999999999998286
1024,0.00782,3,192,1.0,2.7718585822512662e-08,1.0,2.7718585822512662e-08,0.9999999999903088
1024,0.00782,4,256,0.9964,0.0016601188429748142,1.0,2.7718585822512662e-08,0.9999999996583795
1024,0.00782,5,320,nan,nan,1.0,2.7718585822512662e-08,0.999999991598348
1024,0.00782,6,384,0.9514,0.005960336474797374,1.0,2.7718585822512662e-08,0.99999984706906
1024,0.00782,7,448,nan,nan,1.0,2.7718585822512662e-08,0.9999978673426406
1024,0.00782,8,512,0.8376,0.010223095456699992,1.0,2.7718585822512662e-08,0.9999767365874104
1024,0.00782,9,576,0.5562,0.013771467146938266,0.9998,0.0003919607980397824,0.9997991233123417
1024,0.00782,10,640,nan,nan,0.9986,0.0010364082655015673,0.9986195341313266
1024,0.00782,11,704,nan,nan,0.9934,0.002244425089148675,0.9924502226009778
1024,0.00782,12,768,0.4432,0.013769575711807536,0.9692,0.00478909144986813,0.967308030106592
1024,0.00782,13,832,nan,nan,0.8902,0.00866594711195493,0.8890372277080081
1024,0.00782,14,896,nan,nan,0.7148,0.012515208859112179,0.7090986407442597
1024,0.00782,15,960,nan,nan,0.4314,0.013728230651209209,0.4210104836743488
1024,0.00782,16,1024,0.139,0.009589148516943514,0.139,0.009589148516943514,0.1340170088397088
