occupied_fraction,static_success,static_stranded,static-packed_success,static-packed_stranded,reconfig_success,reconfig_stranded
0.0,0.9954,0.3534248719547898,0.9954,0.3534248719547898,1.0,0.03470184552539248
0.05,0.9128,0.55403122800397,0.9886,0.3740644781162526,1.0,0.03499245575504058
0.1,0.6708,0.6451949402051765,0.9822,0.3518809987938492,1.0,0.03571639808132107
0.15,0.2868,0.7148423332058957,0.9728,0.3644339609663669,1.0,0.03583326453938568
0.2,0.1286,0.7478452158000346,0.9492,0.340651823739006,1.0,0.03504917703716545
0.25,0.0434,0.7733834987783723,0.9498,0.30349903126282224,1.0,0.03533607945241088
0.3,0.0144,0.7895178498163132,0.9344,0.34838182014284497,1.0,0.03562372820533929
0.35,0.0052,0.8013876789977399,0.91,0.3142447032804071,1.0,0.03585961229750509
0.4,0.0004,0.8136888581696128,0.896,0.34223073052415076,1.0,0.035998067557050435
0.45,0.0,0.8208045459502271,0.8666,0.3168514492937835,1.0,0.035484451611130376
0.5,0.0,0.8264507740883732,0.8712,0.25349366120083494,1.0,0.03541496340586272
0.55,0.0,0.8306999388766216,0.6272,0.3650353035037251,1.0,0.03577874795332208
0.6,0.0,0.8331659963589114,0.0,0.3189697563232924,1.0,0.03583084900345522
0.65,0.0,0.8333192221229659,0.0,0.31259265555301524,1.0,0.035985726399141174
0.7,0.0,0.8290307969135976,0.0,0.353066501454142,0.9958,0.03518022071839626
0.75,0.0,0.8222067623475628,0.0,0.23983600820117057,0.5468,0.03535041635501074
