job_cubes,job_chips,spare_cubes,policy,goodput,goodput_ci95,interruptions,lost_work_h,waiting_h,overhead_h,wall_days
8,512,56,static,0.9937832285923094,0.00043934147910730715,3.046666666666667,2.991797691339935,0.0,1.5233333333333334,30.188130459361386
8,512,56,reconfig,0.9934966358634534,0.0004181251592953323,3.1766666666666667,3.1367971260664147,0.0,1.5883333333333334,30.19679540311064
8,512,56,hotspare,0.9995641442408587,2.894393658399724e-05,3.14,0.0,0.0,0.31400000000000006,30.013083333333338
16,1024,48,static,0.9813838911571066,0.0024871268879756653,6.243333333333333,6.348907517349351,4.603799566158315,3.1216666666666666,30.58595679102656
16,1024,48,reconfig,0.9873918810994003,0.0006308695832595689,6.23,6.111709041806095,0.0,3.115,30.384042262561238
16,1024,48,hotspare,0.9991575472684165,3.8312695771169346e-05,6.073333333333333,0.0,0.0,0.6073333333333333,30.025298328015182
24,1536,40,static,0.9215520141797631,0.008188459478379765,9.063333333333333,9.045880055583623,53.10485017168887,4.531666666666666,32.778045822563506
24,1536,40,reconfig,0.98089752117558,0.0007113277214518824,9.393333333333333,9.372012004310227,0.0,4.696666666666666,30.58549082701578
24,1536,40,hotspare,0.9987216464341092,4.653989435441892e-05,9.22,0.0,0.0,0.922,30.038404772373045
32,2048,32,static,0.7786479087987596,0.013840925151551838,12.7,12.543920507385115,211.37595648296818,6.35,39.593236896082324
32,2048,32,reconfig,0.9748821231504269,0.000870301069656525,12.636666666666667,12.30348506276782,0.0,6.318333333333333,30.774862692852135
32,2048,32,hotspare,0.9983439743670539,5.749058295157444e-05,11.96,0.0,0.0,1.196,30.049770935528297
40,2560,24,static,0.5815088118340356,0.015206746969515504,15.8,15.526014202827385,567.0364689778809,7.9,54.600463252729156
40,2560,24,reconfig,0.9687902343533195,0.0009077453711286283,15.606666666666667,15.479339281666107,0.0,7.803333333333334,30.96858217679859
40,2560,24,hotspare,0.9978607492691943,6.031392181678732e-05,15.453333333333333,0.0,0.0,1.5453333333333337,30.06432365792244
48,3072,16,static,0.3879461959889237,0.012485669474167708,18.783333333333335,18.56380337924341,1262.6845792514662,9.391666666666667,83.77431596548216
48,3072,16,reconfig,0.962437470723692,0.001027793054525118,19.18,18.650722933559663,0.0,9.59,31.173628623492032
48,3072,16,hotspare,0.9974854876813686,6.266906043098927e-05,18.19,0.0,0.0,1.8190000000000002,30.075634771826557
56,3584,8,static,0.21204157379388122,0.008309632331727932,22.84,22.305213944275426,3015.6859446692088,11.42,157.05596907652458
56,3584,8,reconfig,0.9577442681572347,0.001235378508394504,21.66,20.889844349169707,0.21046886509728202,10.83,31.327692478606902
56,3584,8,hotspare,0.9964939776480094,0.0005840791211378546,21.69,0.015179443739136407,0.36574963151323564,2.1770000000000005,30.10640198226127
60,3840,4,reconfig,0.8798838339983209,0.009052147740048085,24.113333333333333,23.489772407466578,70.47003804593,12.056666666666667,34.41342829166803
60,3840,4,hotspare,0.9220608261964303,0.009125715807617547,23.093333333333334,2.6026197158371502,61.800814354278955,3.442666666666667,32.826278195120004
62,3968,2,reconfig,0.5911644631719929,0.014700636191927722,24.926666666666666,24.444477670304096,524.5274511945521,12.463333333333333,53.389001059605164
62,3968,2,hotspare,0.5979249105818527,0.017792047149870885,24.51,10.556008423603176,554.8585763039491,6.777666666666665,53.83939490153563
63,4032,1,reconfig,0.3115694958566767,0.012254067765595159,26.176666666666666,25.66604245199609,1791.5914230655055,13.088333333333333,106.2605270889665
63,4032,1,hotspare,0.33988337059468116,0.012256648991978574,24.62,16.368611613182626,1585.0003504360152,9.207333333333333,97.10437946453202
64,4096,0,static,0.08983824402542284,0.00361145826146893,26.276666666666667,25.64244254006336,8085.814025571149,13.138333333333334,368.5203796353742
64,4096,0,reconfig,0.09032820788028098,0.003678000207055109,25.60333333333333,24.713359343356395,8068.054202868553,12.801666666666666,367.72717134484697
64,4096,0,hotspare,0.090019098565435,0.0034630270037829384,26.28,25.360837224562736,8050.513500470815,13.14,367.03765961491985
