job_cubes,repair_hours,goodput,goodput_ci95,interruptions,lost_work_h,waiting_h,overhead_h,wall_days
56,12,0.9563150242453305,0.0016025113367979424,22.26,21.92893393663525,0.0,11.13,31.373831033972333
56,24,0.9562385040038411,0.0015924114857461525,22.5,21.87873816994766,0.0,11.25,31.376310100678015
56,48,0.9553325533137769,0.0015977450160990984,22.886666666666667,22.325695532188906,0.09140895493080582,11.443333333333333,31.406105032342694
56,72,0.9561413625497155,0.0017774201639114923,22.066666666666666,21.818242879910056,0.3804373674515053,11.033333333333333,31.380351864365675
56,120,0.9472237101126988,0.004281224391320641,22.613333333333333,21.92220758456892,7.62719389570592,11.306666666666667,31.69818499472622
56,168,0.908600922380069,0.014038412560009818,22.22,22.038009947330206,49.23565327740688,11.11,33.4290440429184
60,12,0.9544547079971676,0.0016109933787755027,23.453333333333333,22.798797466307285,0.0,11.726666666666667,31.435029671662974
60,24,0.9530733511925269,0.0017718817264511205,23.9,22.9240076370508,0.7945127979413116,11.95,31.481358292046263
60,48,0.9340243200724352,0.005745875267961478,23.993333333333332,23.482588990680487,16.68255692406526,11.996666666666666,32.170106553624656
60,72,0.8840420616081353,0.012744847582333747,24.153333333333332,23.589083562124387,66.56487945787231,12.076666666666666,34.25516811540061
60,120,0.7030705449526516,0.02601102887216924,23.96,23.51164194786009,332.2946000568495,11.98,45.3207606182332
60,168,0.42108640497261673,0.028218933951513932,24.7,24.487870553052904,1237.1667249037453,12.35,83.0795836207294
63,12,0.8931409560527152,0.006649132729230191,25.086666666666666,23.744382803145065,51.746919225686206,12.543333333333333,33.66346727503409
63,24,0.7796238739440086,0.011992219372071811,25.5,24.78803173942877,175.35820623701818,12.75,38.86621834535933
63,48,0.5281273645428801,0.01891248070923684,25.473333333333333,24.44529569505811,674.0278632791513,12.736666666666666,59.628837353742036
63,72,0.3264694226502657,0.017652887237553778,25.933333333333334,25.525862826923362,1699.8648300263217,12.966666666666667,102.42636964972206
63,120,0.1033314043722196,0.00828722053749019,25.16,24.52277519679797,7613.5325176983315,12.58,348.77223186205515
63,168,0.03129124782556838,0.005029875721721578,25.066666666666666,24.266883529555816,29555.0587525405,12.533333333333333,1262.990039497314
